mass_1,mass_2,chirp_mass,symmetric_mass_ratio,lambda_1,lambda_2,log_p,gamma_1,gamma_2,gamma_3,theta_jn,dec,ra,chi_1,chi_2,geocent_time,phase,psi,luminosity_distance,snr
1.866941569503331,1.3028036478139182,1.3533213833735658,0.24208115419145693,48.51309087936767,458.7078990272672,33.24349728366304,2.6518885099118483,4.226975210070183,2.517301357104039,0.13229049630641904,0.4176625435998431,5.258378611811982,0.02,0.02,1126259642.413,3.3753120691190976,1.2407503112403988,195.63562599415613,9.617832653665719
1.4318101558055063,1.3397317594231128,1.2055845802472314,0.24972406130828104,266.162833009741,389.9064310269559,33.24349728366304,2.6518885099118483,4.226975210070183,2.517301357104039,0.5948647103857913,-0.15774467956232235,1.5009919477274263,0.02,0.02,1126259642.413,3.6152374588462077,0.77394537599947,175.78063829192246,10.250624272203728
1.3791702228305387,1.2931808666494429,1.162485601497695,0.24974115345395861,437.4161757020142,476.6362858716355,33.24349728366304,2.6518885099118483,4.226975210070183,2.517301357104039,0.4248857983960391,-0.8302297529484937,0.695637136577324,0.02,0.02,1126259642.413,5.603953076291788,2.999827408843058,190.16784347846996,10.425449785934685
1.3748022436310317,1.269969895667235,1.150118376993745,0.24960721570748243,338.2662799111109,526.0438358824358,33.24349728366304,2.6518885099118483,4.226975210070183,2.517301357104039,0.5413647593607827,-0.12472894017120019,4.996507097923692,0.02,0.02,1126259642.413,3.712331827299006,0.119823677471887,180.7134291535827,10.677108499170078
1.788477393525388,1.220040945419497,1.2812804039874184,0.2410751995080087,65.55124074834151,655.861116134392,33.24349728366304,2.6518885099118483,4.226975210070183,2.517301357104039,0.5738354665392899,-0.24202975981437125,2.2201859274056126,0.02,0.02,1126259642.413,5.032566143819102,0.4126497737240648,157.86559962176122,10.689966108059902
1.387991536816261,1.3038443839109566,1.171002521957734,0.24975570099792635,320.4976566701044,456.768883785033,33.24349728366304,2.6518885099118483,4.226975210070183,2.517301357104039,0.6217810834478544,-0.3547931507655642,1.1128159070045809,0.02,0.02,1126259642.413,1.2474618579998118,0.03681822135732382,184.0819396569652,11.517833419633178
2.3742736829950157,1.384753762124776,1.5672089391379371,0.23267640192459182,105.33239216852984,324.85958856624956,33.24349728366304,2.6518885099118483,4.226975210070183,2.517301357104039,0.19380551625164985,-0.37285041990217327,1.8114353923206126,0.02,0.02,1126259642.413,1.5321575648211185,1.479535903881099,160.68949096804212,11.635723622569046
1.3818136019234484,1.3812652294186967,1.202699888105027,0.24999999015298047,328.82057405287895,329.55934180152315,33.24349728366304,2.6518885099118483,4.226975210070183,2.517301357104039,0.4932804256681395,-0.6375711570718215,2.313872076706262,0.02,0.02,1126259642.413,2.873919702116387,0.38558365535289507,174.23343111362277,11.891931261575678
1.4043677949537157,1.3669247768474475,1.206143028067836,0.24995436301457424,298.43555244242884,348.8788076186461,33.24349728366304,2.6518885099118483,4.226975210070183,2.517301357104039,0.3396532626003987,-0.15770876656070468,1.346717241489207,0.02,0.02,1126259642.413,4.888333307534209,0.6299544536881029,194.35632906507382,12.214526916746735
1.7433832104606033,1.2209219375877196,1.2660879407198096,0.2422339103345714,78.14868879380198,653.57050103765,33.24349728366304,2.6518885099118483,4.226975210070183,2.517301357104039,0.5428337392111172,-0.06776092109611752,1.8852691090209581,0.02,0.02,1126259642.413,3.3530313962085203,2.6594301116872257,128.21931049366898,12.39078799140875
1.7736326785894885,1.3855832441194038,1.3626424707899267,0.24622814056915776,69.07326726925473,323.74210995380616,33.24349728366304,2.6518885099118483,4.226975210070183,2.517301357104039,0.44482953624187344,-0.5260492716578198,0.6307361054239576,0.02,0.02,1126259642.413,5.015962620189702,2.7067009491091207,195.6614951971722,12.415736969296782
1.48035586672106,1.3231902360791583,1.2180118388179682,0.2492143307365006,218.42721911453512,420.725258186862,33.24349728366304,2.6518885099118483,4.226975210070183,2.517301357104039,0.39476721513857976,-0.44600114990297896,0.5654776419260636,0.02,0.02,1126259642.413,1.2414371530439963,2.7336543039182883,189.66571080848095,12.506707116386101
1.7409357208145522,1.202680363088328,1.255404093297534,0.2416409986177743,78.90404365439004,708.2343565523529,33.24349728366304,2.6518885099118483,4.226975210070183,2.517301357104039,0.4757114583094549,-0.3964695093192817,2.172511167275385,0.02,0.02,1126259642.413,1.7773248890572322,0.9289138418863173,130.29979269844753,12.671796184909336
1.3556673199615021,1.3345089720402963,1.1709237818156175,0.24998453528092754,364.04485990431755,399.6371056629645,33.24349728366304,2.6518885099118483,4.226975210070183,2.517301357104039,0.45505251761012583,0.4390676563940017,4.462778622325812,0.02,0.02,1126259642.413,5.721879985125516,1.574344684777163,160.10916110698918,12.686321116456652
1.361462415443239,1.2347934191298533,1.128471202170965,0.24940490582905675,358.19900635614397,617.5040907099748,33.24349728366304,2.6518885099118483,4.226975210070183,2.517301357104039,0.6195408545658336,0.8087265580951546,5.860348682110259,0.02,0.02,1126259642.413,6.142793278546977,0.2271362050536962,191.69313517993834,12.829636752230062
1.3640443495135637,1.3354692965651016,1.1749525650730852,0.24997198806938653,352.75932095246117,397.84790675232057,33.24349728366304,2.6518885099118483,4.226975210070183,2.517301357104039,0.31460860346314157,0.6766555220260476,5.220358985592032,0.02,0.02,1126259642.413,1.256069995082101,1.994858875475536,153.67465335342345,13.24914768312928
1.3599523372798308,1.2797234508694617,1.1483486705077388,0.2497690593631662,358.2720821488092,501.7090534951693,33.24349728366304,2.6518885099118483,4.226975210070183,2.517301357104039,0.5574730084046282,0.10038422960423642,4.285968779583888,0.02,0.02,1126259642.413,3.4025433360377857,2.2625841631727783,185.80047463360742,13.25945996209633
1.5718911089209837,1.3067346534286202,1.246605038627289,0.24787883719599502,151.64265765816302,451.38396760420414,33.24349728366304,2.6518885099118483,4.226975210070183,2.517301357104039,0.4739030527407131,-0.439456818441697,0.7441329609571483,0.02,0.02,1126259642.413,0.7699726587272836,0.8663330648143966,181.17318813368044,13.28596354101684
1.7254151488573217,1.3554675318679623,1.3293967215049676,0.24639529146030767,83.69406982913436,364.31401453696486,33.24349728366304,2.6518885099118483,4.226975210070183,2.517301357104039,0.6068146038956179,-0.13639101058827743,0.046511088459652,0.02,0.02,1126259642.413,2.338576164785742,1.5287470978820874,198.99338007308796,13.526961804552164
1.6378207505257703,1.4169239696823694,1.3254787368524075,0.2486927190374515,116.9086121492184,281.51986674430873,33.24349728366304,2.6518885099118483,4.226975210070183,2.517301357104039,0.33047112381326954,-0.035423010789596684,5.168599827210678,0.02,0.02,1126259642.413,2.978615645133729,2.015178976984563,159.24946042143495,13.579757284773423
1.7783377867595567,1.3980225619218847,1.370664323913443,0.24641600083563722,67.95694298614774,306.9838539727382,33.24349728366304,2.6518885099118483,4.226975210070183,2.517301357104039,0.5924002103377056,0.28556495653250474,4.342366553345011,0.02,0.02,1126259642.413,2.1729376824450655,3.1177957981834843,177.46312156203766,13.68670696200939
1.424423554600086,1.3648182673964104,1.2137553307403126,0.24988583387995836,273.4261717576927,351.7166983428446,33.24349728366304,2.6518885099118483,4.226975210070183,2.517301357104039,0.5838016042575969,-0.7133743474099435,2.7150491636749483,0.02,0.02,1126259642.413,4.857360676668384,1.6225780371018197,181.79387807254534,14.067769944518474
1.8083948621901453,1.3195020807117699,1.3414408244423706,0.24389251530501302,60.825663115517585,427.5967306893002,33.24349728366304,2.6518885099118483,4.226975210070183,2.517301357104039,0.617181900218566,0.44538132306876693,2.7517115984646323,0.02,0.02,1126259642.413,1.1318868371812771,2.258354596638299,188.83195637605849,14.157882817156619
1.4680679156625576,1.375312760487525,1.2368629211919289,0.24973396051030852,230.51011740213485,337.5785113132173,33.24349728366304,2.6518885099118483,4.226975210070183,2.517301357104039,0.31165913661009664,-0.3319961278327934,5.034307184522461,0.02,0.02,1126259642.413,1.4802266849953136,0.3270617241807227,191.99855613188717,14.58125093812236
1.8320377839981599,1.4153988995539977,1.3995223212948542,0.24588492055862535,55.21619213549035,283.5744420840623,33.24349728366304,2.6518885099118483,4.226975210070183,2.517301357104039,0.45904792623096946,-0.3824852683994642,0.7735149488725552,0.02,0.02,1126259642.413,1.7482932802250946,0.6882249859326848,188.71055462721716,14.683081432950214
1.338425326108588,1.2941221487437273,1.1456881133301868,0.2499291960749678,392.34047181504303,474.88256527594024,33.24349728366304,2.6518885099118483,4.226975210070183,2.517301357104039,0.29802156726541906,0.7668781148579533,3.1264224608855984,0.02,0.02,1126259642.413,1.09406263327893,2.014390047848727,145.54040964040308,14.709283517164241
1.3552809084968456,1.2226402243044519,1.1203220270380438,0.2493381580939161,364.5654336481158,649.1028864142213,33.24349728366304,2.6518885099118483,4.226975210070183,2.517301357104039,0.5895443533153154,0.09610259138310961,3.817506166306264,0.02,0.02,1126259642.413,3.747166795906638,0.8537697676747128,177.9143096240109,14.739307908492354
1.609095186175409,1.2133583343997796,1.213995643219542,0.24508527298765956,316.2346381498724,673.2361737564128,33.24349728366304,2.6518885099118483,4.226975210070183,2.517301357104039,0.5669267591389595,-0.16559917380642664,4.636323822280756,0.02,0.02,1126259642.413,5.002173465263982,1.572495838060048,166.04054563721812,14.799251982116926
1.373425448097396,1.3693511165554808,1.1938612610195831,0.24999944833951013,1.8811500795960017,345.6100413912777,33.24349728366304,2.6518885099118483,4.226975210070183,2.517301357104039,0.32407986935061744,0.4703040132912319,3.785021165909367,0.02,0.02,1126259642.413,3.276081189462731,1.7904172065106987,159.22724659413197,14.967023718350193
2.1312870315968317,1.2280576780679215,1.3978658986280794,0.23192713707456056,16.724475622876987,635.0172885802027,33.24349728366304,2.6518885099118483,4.226975210070183,2.517301357104039,0.6144607457460354,0.5638107581587026,3.9335776865703185,0.02,0.02,1126259642.413,4.732469747715155,2.7990633392520508,151.10476190180339,14.97739413477367
1.3141790857003985,1.3047754623740935,1.1399573603585522,0.24999677689439614,437.5141040664294,455.0341737688473,33.24349728366304,2.6518885099118483,4.226975210070183,2.517301357104039,0.3969717466754479,-0.6775639885283254,5.730414106406042,0.02,0.02,1126259642.413,1.7465753354305005,1.2103692696890056,178.1890325813544,14.998342092512091
1.3821343216179633,1.2493523557239812,1.1436703969935105,0.24936347444244086,328.38850029898066,579.650269577495,33.24349728366304,2.6518885099118483,4.226975210070183,2.517301357104039,0.4648140937837641,-0.7747838028542363,5.147724780759587,0.02,0.02,1126259642.413,1.4071405877979615,2.0479210756452617,198.16821301445808,15.029341404835618
1.8131046826047323,1.3247360245902995,1.3458763358148176,0.2439441683692084,59.708220814972066,417.8452701736637,33.24349728366304,2.6518885099118483,4.226975210070183,2.517301357104039,0.578074220404896,-0.5817953924185817,0.7528663648690622,0.02,0.02,1126259642.413,4.475487433281046,1.711896434429951,146.15819960102863,15.199553087236682
1.3600065799772605,1.2769256894148604,1.1471076744680566,0.2497518328202843,23.60157306906295,507.95849217242653,33.24349728366304,2.6518885099118483,4.226975210070183,2.517301357104039,0.27604755728380204,-0.9150386902466348,1.865444328723347,0.02,0.02,1126259642.413,5.3936538301916,0.9234545614608684,159.68834834082713,15.22698287386833
1.897502148374917,1.3802434990206944,1.4052957798666053,0.243774058539575,42.8759758774352,330.9358175717575,33.24349728366304,2.6518885099118483,4.226975210070183,2.517301357104039,0.20972324431639547,-0.28819474015866625,1.5975391185881918,0.02,0.02,1126259642.413,6.267045712970522,2.6200705954671863,131.56802391901383,15.398571210540121
1.6663403004807347,1.5053733426954412,1.3784339386184474,0.24935608945067947,228.39725673801877,197.8219168862245,33.24349728366304,2.6518885099118483,4.226975210070183,2.517301357104039,0.2863830039431443,-0.28620401764626846,6.205776070057641,0.02,0.02,1126259642.413,3.970925109999604,2.9714471900386394,197.275945728712,15.493651804344342
2.3487327383314254,1.2952018733303134,1.5051802948559365,0.22910254564332072,40.70381111081392,472.87090983633044,33.24349728366304,2.6518885099118483,4.226975210070183,2.517301357104039,0.5619804132713309,-1.049862658794497,1.7329428006517382,0.02,0.02,1126259642.413,1.8980228095355616,2.9474043278490045,178.21794661626785,15.90062849700542
1.7838649417194754,1.584820376867305,1.4632317677099003,0.24912718989162083,66.64558157314049,144.66654999881206,33.24349728366304,2.6518885099118483,4.226975210070183,2.517301357104039,0.26037109001563014,-0.38357930958610564,0.9888370892416378,0.02,0.02,1126259642.413,3.497011504516022,1.1427700577718491,190.3330872243933,16.016722692806407
1.3769077523807867,1.1800617725870164,1.109023226644906,0.24851836235495497,335.42973733224574,791.0133898723014,33.24349728366304,2.6518885099118483,4.226975210070183,2.517301357104039,0.4689023773606817,0.7295059531248506,1.8979873393511009,0.02,0.02,1126259642.413,2.1864821608409075,0.6861630810122331,180.70754839046265,16.26578237609183
1.815999335067382,1.77282752756985,1.5619919871680001,0.24996382275771126,59.02144152777782,69.26429574347955,33.24349728366304,2.6518885099118483,4.226975210070183,2.517301357104039,0.5116516374783077,-0.013887126106853165,5.192176139641804,0.02,0.02,1126259642.413,1.6840419408864382,1.7784469353543346,137.04125915474205,16.427198003339683
1.4223290755562545,1.3553539215728154,1.2086349450676694,0.24985465433294465,275.48569959367114,364.467070390862,33.24349728366304,2.6518885099118483,4.226975210070183,2.517301357104039,0.3600481907803192,0.8016407407429885,2.1806661916538834,0.02,0.02,1126259642.413,6.1430457449508395,2.7771762496620798,189.9672580581987,16.578944642070272
1.310349810387008,1.2846636473900552,1.1294788114912762,0.24997550602625188,444.6484998277612,492.50487927624624,33.24349728366304,2.6518885099118483,4.226975210070183,2.517301357104039,0.3967138093433408,0.4644883226828564,0.10955870822368073,0.02,0.02,1126259642.413,5.120761542817143,2.826244893667552,192.51302936775107,16.600484130681835
1.9213911252647244,1.4436471160664375,1.446931915045994,0.24496092873739522,39.225043742467896,254.52339969931708,33.24349728366304,2.6518885099118483,4.226975210070183,2.517301357104039,0.3695788938798476,-0.1375955914736604,1.3623222176889003,0.02,0.02,1126259642.413,1.166300100840456,1.2635815151312002,163.37031070452545,16.647940666438476
1.4260687091241437,1.3068479973861384,1.1882122824053443,0.24952423702845775,271.80847042677647,451.1727943184226,33.24349728366304,2.6518885099118483,4.226975210070183,2.517301357104039,0.35121990730175534,0.024978738270947237,2.82803908788432,0.02,0.02,1126259642.413,4.6709688011893435,2.2483090754153365,168.079604463147,16.710418942663328
1.3353284117546147,1.2669336495361345,1.1322308145327538,0.24982730346002463,340.12109963294944,533.9381980302328,33.24349728366304,2.6518885099118483,4.226975210070183,2.517301357104039,0.32373235634363967,-0.9537094919489896,5.164306366576543,0.02,0.02,1126259642.413,3.869547276178441,1.1992327998805992,186.73197662371183,16.792957552395524
1.3343298493859055,1.266369259323805,1.1315561643871543,0.24982928406033175,399.97083249158277,535.4056352986294,33.24349728366304,2.6518885099118483,4.226975210070183,2.517301357104039,0.3740508224609029,-0.3200177043788774,4.988014989775209,0.02,0.02,1126259642.413,3.3788936163252545,1.4498425188998518,146.67383717952964,17.298732030645652
2.1042867053993866,1.3470669917302351,1.4584735915310871,0.23796614162877486,18.85642746261662,376.2400200229427,33.24349728366304,2.6518885099118483,4.226975210070183,2.517301357104039,0.5408108774738609,0.1673288002363341,3.802622623598833,0.02,0.02,1126259642.413,3.6975020591057244,3.0853777863140452,180.80002996690027,17.53916149770189
1.4004328660658547,1.3413833918108344,1.1931126823897988,0.2498840434235544,303.736690866348,386.82924327160333,33.24349728366304,2.6518885099118483,4.226975210070183,2.517301357104039,0.4316784361611614,-0.74637308549641,4.926539849942171,0.02,0.02,1126259642.413,4.7518177045708585,0.7051476586945913,178.96102054039602,18.16609565540132
1.7167604302559791,1.3515796545126975,1.3241893950258414,0.24645881321445365,86.36512658849334,369.55176510955107,33.24349728366304,2.6518885099118483,4.226975210070183,2.517301357104039,0.29951230043680666,-0.10251714237254847,1.888685981327761,0.02,0.02,1126259642.413,5.137942993074814,1.7585631339886698,96.14674341703751,18.2364889191043
1.6894668476286412,1.3178645470353951,1.2969881606290836,0.24618289399765284,95.94521749008337,430.64765086704574,33.24349728366304,2.6518885099118483,4.226975210070183,2.517301357104039,0.2114218657696225,-0.2555740253928735,1.1484824980536041,0.02,0.02,1126259642.413,5.421823558280677,1.737302576404356,155.231882598319,18.26233575271787
1.3090274559030743,1.28809789629297,1.1304204189239737,0.24998376417484425,447.1122036497777,486.10646474317934,33.24349728366304,2.6518885099118483,4.226975210070183,2.517301357104039,0.19368753649010556,-0.1539354460798915,1.4343690957997504,0.02,0.02,1126259642.413,5.09825626137165,0.9012699768405218,117.20106483006056,18.4855837706563
1.3651836815083727,1.2918521957035614,1.1560133937600399,0.2498095740457712,351.22441224447545,479.1117580141983,33.24349728366304,2.6518885099118483,4.226975210070183,2.517301357104039,0.27988010784767914,-1.2542929933994444,1.164657373027152,0.02,0.02,1126259642.413,5.22297554757984,2.8595198943676614,142.37734093608188,18.557851712349827
1.902596502424622,1.3498568336546894,1.3910361844301535,0.24277963540607253,41.951794831197894,371.87275034414836,33.24349728366304,2.6518885099118483,4.226975210070183,2.517301357104039,0.5869214812543703,-0.7501517803155656,5.342048737414215,0.02,0.02,1126259642.413,1.1489376649168566,2.5059243887181264,168.82706373838607,18.603696688027117
1.9295154218221666,1.271081176967475,1.3574590492995822,0.23941957896205207,38.04635903718598,523.1544597734606,33.24349728366304,2.6518885099118483,4.226975210070183,2.517301357104039,0.41972753905854904,0.4657615685103252,1.4283400131931472,0.02,0.02,1126259642.413,2.085240926296824,2.893978750387597,187.49885011705894,19.269060963127416
1.3348354766523385,1.2308279021547515,1.1156683400805425,0.24958916201057343,399.0287887022948,627.8145944547236,33.24349728366304,2.6518885099118483,4.226975210070183,2.517301357104039,0.5085094272338885,0.27733462185054036,1.1498155833696664,0.02,0.02,1126259642.413,0.5577549796041312,1.1860654266365223,157.39502957298527,19.273190524472565
1.3857637630647157,1.3856110305372218,1.2063109416391429,0.24999999924070143,323.4989147285531,323.7046760760016,33.24349728366304,2.6518885099118483,4.226975210070183,2.517301357104039,0.2438446799252755,0.37559464777782764,6.198419057747591,0.02,0.02,1126259642.413,3.0882037541628655,0.6721698312759019,168.4531068854881,19.285614443600323
1.2554383675710896,1.2504860861425624,1.0907644163942496,0.24999902362939927,563.8263938169868,576.7025248572704,33.24349728366304,2.6518885099118483,4.226975210070183,2.517301357104039,0.3785295975940075,-1.0503374553586122,4.121575073498117,0.02,0.02,1126259642.413,4.349478537298115,0.830697593526938,174.3560859897949,19.687700451938284
1.3844802882440106,1.351062604412786,1.1906075833799257,0.24996269168433585,325.22801273313513,370.24833529667376,33.24349728366304,2.6518885099118483,4.226975210070183,2.517301357104039,0.11654273703752333,0.5125384466560317,1.9904811710554913,0.02,0.02,1126259642.413,1.0417684831949032,1.9554225765693316,157.59957521267344,20.126930423905502
1.8794507661841142,1.3424604979909605,1.3789126833722354,0.24305542474497166,46.205681043720546,384.8224662349345,33.24349728366304,2.6518885099118483,4.226975210070183,2.517301357104039,0.600831903905445,0.28710731724447114,2.4370684316626012,0.02,0.02,1126259642.413,1.9327536881012857,1.2973812496681978,136.35689091305608,20.267742916117168
1.4739090242575439,1.3317055879120088,1.2193313416445084,0.249357749927995,224.76648116009352,404.86014402019606,33.24349728366304,2.6518885099118483,4.226975210070183,2.517301357104039,0.036845967883002234,0.652965955891069,1.4405543296447554,0.02,0.02,1126259642.413,1.0071492726443587,1.91547019589888,188.2664497465214,20.41936217509946
2.1598240828365953,1.344504607013022,1.4752561630063277,0.2364672526627392,14.752033555126953,381.01404778779414,33.24349728366304,2.6518885099118483,4.226975210070183,2.517301357104039,0.5319896907842409,0.4194079014215265,1.2143968952802964,0.02,0.02,1126259642.413,2.4590480500711056,2.553449727193861,185.58959387333414,20.793881038622004
1.3230762469151027,1.302280322728183,1.1427097984500236,0.24998431372348084,420.93763356923057,459.6829159607356,33.24349728366304,2.6518885099118483,4.226975210070183,2.517301357104039,0.5281885625089767,0.7319708821289667,1.4440047362201642,0.02,0.02,1126259642.413,2.5425880587481724,2.6103485489336973,147.08096584624326,21.80837833203138
1.9686687547627717,1.8629139185168466,1.66703079070264,0.24980954863857366,32.471737116256946,49.25601960116515,33.24349728366304,2.6518885099118483,4.226975210070183,2.517301357104039,0.5699344268566792,0.020669536142534795,3.355464404447577,0.02,0.02,1126259642.413,6.092576149959048,1.7805860757117622,163.57792642849427,21.855158671901417
2.050119692073705,1.9261685194402427,1.7297706645812192,0.24975706752383045,398.11039192575765,38.53193247972995,33.24349728366304,2.6518885099118483,4.226975210070183,2.517301357104039,0.2614099880376873,-0.04894958870629421,1.1710513041746626,0.02,0.02,1126259642.413,1.2549468811016145,1.4892340176720036,178.73132725862632,22.037551286924675
1.73992258598012,1.361860584530812,1.338058985224736,0.24628598890820136,79.21672171734085,355.701290372693,33.24349728366304,2.6518885099118483,4.226975210070183,2.517301357104039,0.6018257782701671,-0.4935278690477167,4.36075786304369,0.02,0.02,1126259642.413,4.64308774847251,0.7006467294218996,158.1575548754018,22.096163712915637
1.6639514140181433,1.4006631086224426,1.3280347149693952,0.24815476604943154,106.30205246273209,303.4265079638527,33.24349728366304,2.6518885099118483,4.226975210070183,2.517301357104039,0.13143220340976075,1.2437643703200427,4.520080502809317,0.02,0.02,1126259642.413,2.3437332279812724,3.0429150993899614,140.04646979377114,22.200213636944202
1.860050380976623,1.718021303150996,1.5559733128763251,0.24960609048725382,49.78421936120308,85.97599053172945,33.24349728366304,2.6518885099118483,4.226975210070183,2.517301357104039,0.23283543261147738,1.1255790297860482,5.016081983078163,0.02,0.02,1126259642.413,5.072096371697896,0.1714961124329462,157.66826753515682,22.375192209111187
1.8197829541020618,1.3371705151929927,1.3547844227538246,0.24415747378692423,58.12374786085884,394.67833392858483,33.24349728366304,2.6518885099118483,4.226975210070183,2.517301357104039,0.6276531471931204,-0.0014302298642050449,3.710765141569632,0.02,0.02,1126259642.413,2.0136527684162493,2.3157615571058168,138.7288319543622,22.701663815712944
2.0711280185513306,1.3479700298129098,1.4479381039544683,0.23881635752311742,21.63099550210744,374.55755257359897,33.24349728366304,2.6518885099118483,4.226975210070183,2.517301357104039,0.484568343007749,-1.436522603114797,3.898092543062979,0.02,0.02,1126259642.413,1.544476933116629,0.7386247492194151,158.39696673184653,22.71661704720248
1.8482430807132049,1.3064971593036,1.3487386847335212,0.24262768134457152,51.96215943645207,451.82644743138167,33.24349728366304,2.6518885099118483,4.226975210070183,2.517301357104039,0.16337182376402767,0.8330999457810174,2.0081877929790823,0.02,0.02,1126259642.413,0.9643438669973345,2.178766671412351,160.81632277926974,23.39371448481499
2.013204045107374,1.43204915132373,1.4738836537363769,0.24288652976625982,27.329101656434506,265.9278256823079,33.24349728366304,2.6518885099118483,4.226975210070183,2.517301357104039,0.2912210817215923,-0.7146146128081451,1.9688492447190606,0.02,0.02,1126259642.413,1.2602516279019416,0.4645325315709583,106.95811519927149,23.404184885725382
1.4110774175205851,1.2564076093901277,1.1587465169126083,0.24915948180040226,289.39634512436163,561.3063260761336,33.24349728366304,2.6518885099118483,4.226975210070183,2.517301357104039,0.22615877804033405,0.3715684195356793,2.9098013091915162,0.02,0.02,1126259642.413,1.3860029242374798,2.1498014616977534,115.85117825108081,23.466587074265423
2.1377622381228187,1.2871081975210195,1.4348808690307706,0.23457739790140797,16.276918177578303,487.95039137308424,33.24349728366304,2.6518885099118483,4.226975210070183,2.517301357104039,0.575340777412586,-1.1046644248563668,0.5791067826331158,0.02,0.02,1126259642.413,1.4648031394419438,0.3228477208808849,100.33075782961342,23.80269369274549
2.057287735574345,1.4075289208475388,1.4760985949382548,0.24120807749355058,22.92921176811086,294.17688184985786,33.24349728366304,2.6518885099118483,4.226975210070183,2.517301357104039,0.42149789739140225,-0.4184926409977709,5.859899249908677,0.02,0.02,1126259642.413,5.123551112404191,0.5026713643274313,134.3068242642249,23.97445250265835
2.009298740129211,1.9541231134398587,1.7249789518647498,0.24995154998023408,27.78005997974889,34.4762395152074,33.24349728366304,2.6518885099118483,4.226975210070183,2.517301357104039,0.5343608659028871,-1.0789143720221055,4.022191659050242,0.02,0.02,1126259642.413,3.8413857693327076,0.6271810227901823,190.96598062932588,24.09870970776461
1.788473594445178,1.3000308428866325,1.324073419049397,0.2437472525524966,65.55214211029507,463.8739646927602,33.24349728366304,2.6518885099118483,4.226975210070183,2.517301357104039,0.5619385807473427,0.3412509603941907,4.217448282705406,0.02,0.02,1126259642.413,2.5162422306462946,0.7754888399748074,102.2960405355737,24.179466140100438
1.3142316472179931,1.305686879578352,1.140378496363758,0.24999734071458724,131.56884919729603,453.3360950185081,33.24349728366304,2.6518885099118483,4.226975210070183,2.517301357104039,0.5625778391013359,0.33683591593620316,3.658171569745304,0.02,0.02,1126259642.413,4.140045268575993,1.6495306526502842,91.2728359914157,24.476906813791143
1.3535645897167927,1.281990720442416,1.1466843693780142,0.24981562385491865,366.87765927961334,497.48486037577766,33.24349728366304,2.6518885099118483,4.226975210070183,2.517301357104039,0.6218755495563162,0.06647522004541345,5.061525202081903,0.02,0.02,1126259642.413,1.642041128735508,1.5720677508391385,57.28456331146836,24.846974188107524
1.3478163465683282,1.253600216644763,1.131440932915227,0.2496720778683742,374.84388275333214,568.6056602098174,33.24349728366304,2.6518885099118483,4.226975210070183,2.517301357104039,0.3488392059868739,-1.1854989217484235,5.004930205436605,0.02,0.02,1126259642.413,2.1977551531710895,0.26593647998086417,122.32173770267362,25.62919222861426
1.6956744961129662,1.4288913229987494,1.3540885843596264,0.2481774581016548,93.42550366112005,269.0329583670641,33.24349728366304,2.6518885099118483,4.226975210070183,2.517301357104039,0.436377759116892,0.4688625394501745,0.7177367232408475,0.02,0.02,1126259642.413,0.008316650615767118,1.5563679255048275,160.14193630759004,25.758333321166923
1.4702166326190462,1.3638965684325273,1.2325774623426708,0.24964816739576248,356.23770399273616,352.9584117084408,33.24349728366304,2.6518885099118483,4.226975210070183,2.517301357104039,0.25716356132970153,-0.9816988508547883,3.627529688358421,0.02,0.02,1126259642.413,5.256602938685414,2.1759320815528165,152.55972792727508,25.806204153931112
1.7165790302794133,1.573140641738034,1.430299655455128,0.24952471619089817,86.4211110353451,150.96846051940582,33.24349728366304,2.6518885099118483,4.226975210070183,2.517301357104039,0.44151213837785025,0.9859428222720993,2.3337301880596644,0.02,0.02,1126259642.413,1.2497166005170424,1.2533458567437517,125.63917421616515,26.5593059340921
1.7305894608069086,1.4355019679841432,1.3709260146312778,0.24782832561161067,82.097151252737,262.53262722205386,33.24349728366304,2.6518885099118483,4.226975210070183,2.517301357104039,0.5009787379675509,0.43049719757151667,1.1430268680930333,0.02,0.02,1126259642.413,1.6971454960997,1.6213812274113943,141.81790244834303,26.845451267142632
1.9111984549211842,1.5223993557671336,1.4830327496458402,0.24679453040415517,7.56772488316437,185.48252320266874,33.24349728366304,2.6518885099118483,4.226975210070183,2.517301357104039,0.2580181501629001,-1.4389735654772118,5.549044383909845,0.02,0.02,1126259642.413,5.329016454993724,2.864897257298357,137.18015349452355,26.861944197950237
1.9008420182500358,1.2896128689299053,1.357915380637592,0.2408242217957684,42.259913247972406,483.28389037207313,33.24349728366304,2.6518885099118483,4.226975210070183,2.517301357104039,0.2052234247606137,1.0631842739275787,2.2110041078396168,0.02,0.02,1126259642.413,3.2898334517307775,1.2845425561913377,128.03875658616087,27.759393838967615
1.6670478527534578,1.6207316714748696,1.4309187483182608,0.2499503864702512,105.04519336035042,125.29027452759952,33.24349728366304,2.6518885099118483,4.226975210070183,2.517301357104039,0.30540303392453355,0.6213885307158088,0.12565797454976285,0.02,0.02,1126259642.413,5.929311963498091,1.6249031400616345,145.45251286696106,28.139325539338877
1.623014626740065,1.3723966141595887,1.298344528160742,0.24824994514579113,124.05848462444295,341.507145296028,33.24349728366304,2.6518885099118483,4.226975210070183,2.517301357104039,0.45561864180290235,-0.7286616993787127,4.070932411014176,0.02,0.02,1126259642.413,5.806591136567124,2.9415655275099013,137.04777775081314,29.17521252485024
1.7634539570697223,1.3478853836675428,1.3397407808600073,0.24554004329557366,0.0,374.7152584190385,33.24349728366304,2.6518885099118483,4.226975210070183,2.517301357104039,0.518041240728312,-0.6693122937433589,5.627928852922204,0.02,0.02,1126259642.413,0.8652226737751568,1.8128794698883135,99.5036133267016,29.755349409101903
2.2802211841044686,1.3435339719999726,1.513225348835893,0.23329634550088937,332.38173586234325,382.8224563654391,33.24349728366304,2.6518885099118483,4.226975210070183,2.517301357104039,0.34459674439021803,-0.24184984576981597,3.9019077142190155,0.02,0.02,1126259642.413,0.40133269079490785,0.631181568132675,148.3135924345094,29.77712769737718
1.8839068843563251,1.388218725428315,1.404573290087679,0.24426283733078372,71.95436800013088,320.191588043413,33.24349728366304,2.6518885099118483,4.226975210070183,2.517301357104039,0.241969505747217,-0.4809205099142029,5.817555634234796,0.02,0.02,1126259642.413,4.598955756188373,0.6353702985888665,108.61591749348526,30.412874067433865
2.1435648590971246,1.857907489163566,1.73641074433417,0.24872593602747367,15.875848928454847,50.17949091799064,33.24349728366304,2.6518885099118483,4.226975210070183,2.517301357104039,0.06843150988722348,-0.8406222011467146,3.840896029252803,0.02,0.02,1126259642.413,1.904610686161785,2.926081402084443,181.3057389778898,30.645781390959353
1.8436855206462792,1.364693335736915,1.3777677674158022,0.24442781441107325,52.80283363746865,351.88500634519704,33.24349728366304,2.6518885099118483,4.226975210070183,2.517301357104039,0.5667108321143308,-0.6352490957339734,0.5272154773172576,0.02,0.02,1126259642.413,4.944933985832425,3.0880393112013906,68.43555130289961,30.859888951461972
1.4018739491289733,1.2307846736907844,1.1430249687385918,0.24894416394739258,301.79526294841935,627.9269902009557,33.24349728366304,2.6518885099118483,4.226975210070183,2.517301357104039,0.48839826036902806,-0.5290441395803063,3.6839069162121993,0.02,0.02,1126259642.413,0.9759205215884524,2.796653710834383,106.4631041277151,32.60339561163368
1.7919592491961356,1.319862169816746,1.3357066650675633,0.24424595433102333,64.72514283623482,426.9258418202601,33.24349728366304,2.6518885099118483,4.226975210070183,2.517301357104039,0.5723327357712368,-0.5346024105395404,3.389760744535994,0.02,0.02,1126259642.413,3.165821395960753,0.8042122837271038,107.30863640754214,33.18627766901685
1.3911558900897123,1.3298383875839495,1.184020639127951,0.24987304387251016,45.383718517928564,408.3389605104809,33.24349728366304,2.6518885099118483,4.226975210070183,2.517301357104039,0.2763325926594655,-0.6707011679277769,4.583423231439152,0.02,0.02,1126259642.413,4.183267147041967,2.8797397101627924,108.61668046134237,33.41331022323435
1.4174318493602331,1.3754392317425186,1.2155028429240442,0.24994348234617342,280.835650954957,337.40812916693864,33.24349728366304,2.6518885099118483,4.226975210070183,2.517301357104039,0.2668193980465419,0.9059424457999228,0.4145604449618629,0.02,0.02,1126259642.413,4.664621026248644,1.8972780257853588,115.61475932870678,33.60589667053674
1.872613995360294,1.344911469417289,1.3777828632054414,0.24327527747597633,47.466771795229945,380.2560146940917,33.24349728366304,2.6518885099118483,4.226975210070183,2.517301357104039,0.27271299717013137,0.3102478734021451,1.101370540474378,0.02,0.02,1126259642.413,2.307156773848027,1.261300253787062,105.75009689574696,38.32293332583981
1.6702918554116144,1.3610823971858736,1.3112278259125574,0.24739884379539762,103.72843736496971,356.7496648040549,33.24349728366304,2.6518885099118483,4.226975210070183,2.517301357104039,0.5543734199364233,-0.14949351512246017,0.3773393077403118,0.02,0.02,1126259642.413,1.1049357957001167,2.688135597661426,62.708179951408255,45.359467907361406
1.3321229261443266,1.28315892205437,1.1381281116901114,0.24991236918300375,404.08259321174984,495.30836170524293,33.24349728366304,2.6518885099118483,4.226975210070183,2.517301357104039,0.45517794887309687,0.03816586621113102,1.2806726893616602,0.02,0.02,1126259642.413,5.832252084386231,1.9137712856511606,44.68903408713476,57.78514975691082
1.6715392809063916,1.3072218022914481,1.284909048318441,0.2462603696018151,103.2221014669677,450.4763512805766,33.24349728366304,2.6518885099118483,4.226975210070183,2.517301357104039,0.3965992288970695,-0.48247698719089754,4.5962989257087346,0.02,0.02,1126259642.413,2.0711361987747647,0.7523075526548837,45.46301566981706,76.53715751479432
